[
    {
      "type": "backgroundColor",
      "values": [
        "black",
        "white",
        "green",
        "blue"
      ]
    },
    {
      "type": "pattern",
      "values": [
        "plain",
        "striped",
        "spotted",
        "patchy"
      ]
    },
    {
      "type": "build",
      "values": [
        "slender",
        "stocky",
        "sporty",
        "skinny"
      ]
    },
    {
      "type": "size",
      "values": [
        "small",
        "medium",
        "large",
        "huge"
      ]
    }
  ]